Title,Description,Expiration Date
"Advanced Solar Panel Technology","High-efficiency photovoltaic cells for spacecraft power generation using novel materials and improved light absorption techniques",2025-12-15
"Autonomous Navigation System","AI-powered navigation system for autonomous spacecraft capable of real-time obstacle detection and path planning in space environments",2026-03-20
"Lightweight Composite Materials","Ultra-lightweight carbon fiber composites for aerospace applications providing superior strength-to-weight ratios for rocket construction",2024-08-10
"Life Support Recycling System","Advanced water and air recycling technology for long-duration space missions enabling sustainable life support in closed-loop systems",2027-01-05
"Quantum Communication Array","Quantum entanglement-based communication system for secure data transmission between Earth and spacecraft over vast distances",2025-09-30
"Ion Propulsion Engine","Next-generation ion drive propulsion system with improved efficiency and thrust capabilities for deep space exploration missions",2026-11-12
"Thermal Protection System","Advanced heat shield technology using aerogel materials for atmospheric re-entry protection of spacecraft and crew modules",2024-06-18
"Robotic Maintenance System","Autonomous robotic system for spacecraft maintenance and repair operations in zero-gravity environments",2025-04-25
"Advanced Sensor Array","Multi-spectral sensor system for planetary exploration providing high-resolution imaging and atmospheric analysis capabilities",2026-07-08
"Radiation Shielding Technology","Novel radiation protection materials for crew safety during long-duration space missions beyond Earth's magnetosphere",2027-02-14
"Precision Landing System","GPS-independent landing system using terrain recognition and autonomous guidance for precise spacecraft landing on planetary surfaces",2025-10-22
"Space Habitat Module","Inflatable habitat technology for establishing temporary or permanent human settlements on Mars and lunar surfaces",2024-12-03
"Cryogenic Fuel Management","Advanced cryogenic fuel storage and handling system preventing boil-off and ensuring long-term fuel preservation in space",2026-05-17
"Atmospheric Analysis Probe","Autonomous atmospheric analysis probe for studying planetary atmospheres and climate conditions on distant worlds",2025-08-11
"Advanced Thruster Control","Precision thruster control system for fine orbital adjustments and spacecraft attitude control using minimal fuel consumption",2024-11-28
"Space Debris Removal","Active debris removal technology using net capture and controlled deorbit systems for cleaning up space junk",2026-09-06
"Mars Soil Processing","In-situ resource utilization technology for processing Martian soil into construction materials and consumables",2027-03-19
"Deep Space Communications","High-gain antenna array system for maintaining communications with Earth during deep space exploration missions",2025-07-13
"Asteroid Mining Technology","Robotic mining system for extracting valuable minerals and resources from near-Earth asteroids",2024-10-09
"Space Elevator Cable","Ultra-strong carbon nanotube cable technology for potential space elevator construction enabling low-cost space access",2026-12-31
"Artificial Gravity Generator","Rotating habitat system for generating artificial gravity in spacecraft to maintain crew health during long missions",2025-05-20
"Planet Surface Rover","All-terrain rover technology for exploring diverse planetary surfaces including rocky terrain and polar ice caps",2024-09-15
"Orbital Manufacturing","Zero-gravity manufacturing processes for producing materials and components that cannot be created on Earth",2026-08-02
"Space Weather Prediction","Advanced space weather monitoring and prediction system for protecting astronauts and spacecraft from solar radiation",2025-11-07
"Lunar Base Construction","Automated construction robots for building lunar base infrastructure using local materials and 3D printing technology",2027-01-26